"Id2"	"ID #3"	"Another Var S"
"c"	"F"	0.243619472719729
"d"	"G"	0.66805558744818
"e"	"H"	0.417646779678762
"f"	"I"	0.788195834029466
"g"	"J"	0.102864644257352
"h"	"K"	0.434892741497606
"i"	"L"	0.984956979984418
"j"	"M"	0.893051114398986
"k"	"N"	0.886469060787931
"l"	"O"	0.175052650272846
