"Id1","ID #4","Share","Another Var Q"
"c","F",0.142800022382289,0.0458311666734517
"d","G",0.414546335814521,0.442200074205175
"e","H",0.413724326295778,0.798924845643342
"f","I",0.368845450924709,0.12189925997518
"g","J",0.152444747742265,0.560947983758524
"h","K",0.13880606344901,0.20653138961643
"i","L",0.233034099452198,0.127531650243327
"j","M",0.465962450252846,0.753307864302769
"k","N",0.265972640365362,0.895045359153301
"l","O",0.857827715342864,0.374462775886059
