"Id2"	"ID #3"	"Another Var S"
"c"	"F"	0.397280096076429
"d"	"G"	0.81799687165767
"e"	"H"	0.481779682915658
"f"	"I"	0.370115390745923
"g"	"J"	0.987486463505775
"h"	"K"	0.330958431120962
"i"	"L"	0.631077273515984
"j"	"M"	0.621658283285797
"k"	"N"	0.145765243563801
"l"	"O"	0.147054821252823
