"Id1","ID #4","Share","Another Var Q"
"c","F",0.202632267959416,0.698002541903406
"d","G",0.490325790829957,0.768107526702806
"e","H",0.167718173004687,0.690089621348307
"f","I",0.671569919679314,0.573307471349835
"g","J",0.958086109021679,0.0395771889016032
"h","K",0.128006774932146,0.304852012777701
"i","L",0.0416747007984668,0.881357076810673
"j","M",0.398512908490375,0.19483445561491
"k","N",0.0705703424755484,0.791767843766138
"l","O",0.911372980335727,0.7481652374845
