"Id1","ID #4","Share","Another Var Q"
"c","F",0.105221857316792,0.141915665473789
"d","G",0.335348209831864,0.644251139834523
"e","H",0.931391215417534,0.397741977591068
"f","I",0.668051138985902,0.108800454065204
"g","J",0.928027527872473,0.277900533750653
"h","K",0.0302462289109826,0.916521166218445
"i","L",0.917458789888769,0.0304053926374763
"j","M",0.296827582875267,0.453070418909192
"k","N",0.731289063114673,0.176423264900222
"l","O",0.102497046347708,0.0186753715388477
