"Id2"	"ID #3"	"Another Var S"
"c"	"F"	0.665115194628015
"d"	"G"	0.0948406609240919
"e"	"H"	0.383969637798145
"f"	"I"	0.27438364457339
"g"	"J"	0.814640038879588
"h"	"K"	0.448516341391951
"i"	"L"	0.810064353048801
"j"	"M"	0.812389509519562
"k"	"N"	0.794342321110889
"l"	"O"	0.439831687603146
