"Id1","ID #4","Share","Another Var Q"
"c","F",0.665115194628015,0.754475158639252
"d","G",0.0948406609240919,0.629221131559461
"e","H",0.383969637798145,0.710182401351631
"f","I",0.27438364457339,0.000624773325398564
"g","J",0.814640038879588,0.475316574098542
"h","K",0.448516341391951,0.220118885161355
"i","L",0.810064353048801,0.379816537722945
"j","M",0.812389509519562,0.612771003274247
"k","N",0.794342321110889,0.351797909243032
"l","O",0.439831687603146,0.111135424347594
