"Id1","ID #4","Share","Another Var Q"
"c","F",0.553653493057936,0.504324491368607
"d","G",0.5167181128636,0.0700393957085907
"e","H",0.661121243378147,0.634235224453732
"f","I",0.784805099479854,0.460896286880597
"g","J",0.504664032487199,0.531619870103896
"h","K",0.485335674602538,0.281028595520183
"i","L",0.523890849668533,0.124611251056194
"j","M",0.0365663336124271,0.383993752067909
"k","N",0.0345557376276702,0.569379082648084
"l","O",0.332095536403358,0.0525039546191692
