"Id2"	"ID #3"	"Another Var S"
"c"	"F"	0.863399103749543
"d"	"G"	0.23991854977794
"e"	"H"	0.665482392767444
"f"	"I"	0.918313892325386
"g"	"J"	0.730248463107273
"h"	"K"	0.841316469013691
"i"	"L"	0.972483883146197
"j"	"M"	0.524673232808709
"k"	"N"	0.601755297509953
"l"	"O"	0.587968979729339
