"Id2"	"ID #3"	"Another Var S"
"c"	"F"	0.301534946542233
"d"	"G"	0.0917094678152353
"e"	"H"	0.855431997450069
"f"	"I"	0.704600333468989
"g"	"J"	0.0994128335732967
"h"	"K"	0.183038789546117
"i"	"L"	0.0460180202499032
"j"	"M"	0.450270243920386
"k"	"N"	0.831420477246866
"l"	"O"	0.971019740216434
